﻿{"rows":[{"F_UserId":"12fa6bc0-0be5-462d-898b-ff943aba98e2","F_EnCode":null,"F_Account":"yu","F_Password":"fbb03baf2622aac462f4f67bf447b9be","F_Secretkey":"e8faa09481c3a21a","F_RealName":"李於骏","F_NickName":null,"F_HeadIcon":null,"F_QuickQuery":null,"F_SimpleSpelling":null,"F_Gender":1,"F_Birthday":"2016-05-01 00:00:00","F_Mobile":"18605028523","F_Telephone":null,"F_Email":null,"F_OICQ":null,"F_WeChat":null,"F_MSN":null,"F_ManagerId":"eab01522-f4fe-48ce-8db6-76fd7813cdf5","F_Manager":"刘晓雷","F_OrganizeId":"53298b7a-404c-4337-aa7f-80b2a4ca6681","F_DepartmentId":"8684502a-5dc2-487c-b589-48d2eb7734ca","F_RoleId":"ab9bb5b9-60c6-4c1a-bd57-ea32d23347e3","F_DutyId":"53be735f-2036-4eaf-a2d2-2e468429ea01","F_DutyName":"员工","F_PostId":"44b37afc-11f6-45a8-b3cc-2d37efa61ae8","F_PostName":"软件工程师","F_WorkGroupId":null,"F_SecurityLevel":null,"F_UserOnLine":1,"F_OpenId":null,"F_Question":null,"F_AnswerQuestion":null,"F_CheckOnLine":null,"F_AllowStartTime":null,"F_AllowEndTime":null,"F_LockStartDate":null,"F_LockEndDate":null,"F_FirstVisit":null,"F_PreviousVisit":"2016-06-23 17:07:20","F_LastVisit":"2016-07-13 09:33:14","F_LogOnCount":6,"F_SortCode":null,"F_DeleteMark":0,"F_EnabledMark":1,"F_Description":null,"F_CreateDate":"2016-05-23 14:54:01","F_CreateUserId":null,"F_CreateUserName":null,"F_ModifyDate":"2016-05-23 18:02:14","F_ModifyUserId":"eab01522-f4fe-48ce-8db6-76fd7813cdf5","F_ModifyUserName":"刘晓雷"},{"F_UserId":"9dc4b4ac-5b35-48d7-8331-cbc8c24acb5f","F_EnCode":null,"F_Account":"oldlee","F_Password":"7bf2863b66194637466b166e5bcccfb2","F_Secretkey":"8d833292667ddb65","F_RealName":"李阳华","F_NickName":null,"F_HeadIcon":"/Resource/PhotoFile/9dc4b4ac-5b35-48d7-8331-cbc8c24acb5f.png","F_QuickQuery":null,"F_SimpleSpelling":null,"F_Gender":null,"F_Birthday":null,"F_Mobile":null,"F_Telephone":null,"F_Email":null,"F_OICQ":null,"F_WeChat":null,"F_MSN":null,"F_ManagerId":null,"F_Manager":null,"F_OrganizeId":"53298b7a-404c-4337-aa7f-80b2a4ca6681","F_DepartmentId":"2f077ff9-5a6b-46b3-ae60-c5acdc9a48f1","F_RoleId":"88da93eb-1ba8-4a40-9d64-d7ce26bc0417","F_DutyId":"334b97d3-9ab7-4e25-8034-61edbf80c98c","F_DutyName":"经理","F_PostId":"ef4ed7ac-0872-400b-94c3-3abccd22723c","F_PostName":"市场部经理","F_WorkGroupId":null,"F_SecurityLevel":null,"F_UserOnLine":1,"F_OpenId":null,"F_Question":null,"F_AnswerQuestion":null,"F_CheckOnLine":null,"F_AllowStartTime":null,"F_AllowEndTime":null,"F_LockStartDate":null,"F_LockEndDate":null,"F_FirstVisit":null,"F_PreviousVisit":"2016-07-22 18:57:48","F_LastVisit":"2016-07-22 19:22:52","F_LogOnCount":11,"F_SortCode":null,"F_DeleteMark":0,"F_EnabledMark":1,"F_Description":null,"F_CreateDate":"2016-05-23 10:43:55","F_CreateUserId":null,"F_CreateUserName":null,"F_ModifyDate":"2016-07-22 19:00:26","F_ModifyUserId":"9dc4b4ac-5b35-48d7-8331-cbc8c24acb5f","F_ModifyUserName":"李阳华"},{"F_UserId":"0f36148c-719f-41e0-8c8c-16ffbc40d0e0","F_EnCode":"10598","F_Account":"she","F_Password":"70dd829b1d649e73ae95a0aa3e624d3d","F_Secretkey":"ed1f31c6504c9027","F_RealName":"虎哥","F_NickName":null,"F_HeadIcon":"/Resource/PhotoFile/0f36148c-719f-41e0-8c8c-16ffbc40d0e0.jpg","F_QuickQuery":"","F_SimpleSpelling":"","F_Gender":1,"F_Birthday":"1985-06-01 00:00:00","F_Mobile":"18516792888","F_Telephone":"021-88888888","F_Email":"812431372@qq.com","F_OICQ":"812431372","F_WeChat":"shecixiong","F_MSN":null,"F_ManagerId":"0f36148c-719f-41e0-8c8c-16ffbc40d0e0","F_Manager":"虎哥","F_OrganizeId":"53298b7a-404c-4337-aa7f-80b2a4ca6681","F_DepartmentId":"8684502a-5dc2-487c-b589-48d2eb7734ca","F_RoleId":"9a06e2f8-eb3d-47b7-80f2-725ff7585ff5","F_DutyId":"53be735f-2036-4eaf-a2d2-2e468429ea01","F_DutyName":"员工","F_PostId":"44b37afc-11f6-45a8-b3cc-2d37efa61ae8","F_PostName":"软件工程师","F_WorkGroupId":null,"F_SecurityLevel":null,"F_UserOnLine":1,"F_OpenId":null,"F_Question":null,"F_AnswerQuestion":null,"F_CheckOnLine":null,"F_AllowStartTime":null,"F_AllowEndTime":null,"F_LockStartDate":null,"F_LockEndDate":null,"F_FirstVisit":null,"F_PreviousVisit":"2016-06-01 09:14:25","F_LastVisit":"2016-06-07 18:12:14","F_LogOnCount":321,"F_SortCode":10000465,"F_DeleteMark":0,"F_EnabledMark":1,"F_Description":null,"F_CreateDate":"2015-11-03 15:17:14","F_CreateUserId":"0f36148c-719f-41e0-8c8c-16ffbc40d0e0","F_CreateUserName":"超级管理员","F_ModifyDate":"2016-04-27 14:20:37","F_ModifyUserId":"System","F_ModifyUserName":"超级管理员"},{"F_UserId":"eab01522-f4fe-48ce-8db6-76fd7813cdf5","F_EnCode":"10599","F_Account":"liu","F_Password":"1cc5722f7ce7957ba826aab1ddde3639","F_Secretkey":"9f24c59de3e393c4","F_RealName":"刘晓雷","F_NickName":null,"F_HeadIcon":"/Resource/PhotoFile/eab01522-f4fe-48ce-8db6-76fd7813cdf5.jpg","F_QuickQuery":"","F_SimpleSpelling":"","F_Gender":1,"F_Birthday":"1975-04-08 00:00:00","F_Mobile":"13524834043","F_Telephone":"021-89878788","F_Email":"794364939@qq.com","F_OICQ":"794364939","F_WeChat":"wxid_dfx3vd6189d152","F_MSN":null,"F_ManagerId":"eab01522-f4fe-48ce-8db6-76fd7813cdf5","F_Manager":"刘晓雷123","F_OrganizeId":"53298b7a-404c-4337-aa7f-80b2a4ca6681","F_DepartmentId":"8684502a-5dc2-487c-b589-48d2eb7734ca","F_RoleId":"b7a61699-947c-4100-a18d-ddf5eeb6c3dd","F_DutyId":"53be735f-2036-4eaf-a2d2-2e468429ea01","F_DutyName":"员工","F_PostId":"44b37afc-11f6-45a8-b3cc-2d37efa61ae8","F_PostName":"软件工程师","F_WorkGroupId":null,"F_SecurityLevel":null,"F_UserOnLine":1,"F_OpenId":null,"F_Question":null,"F_AnswerQuestion":null,"F_CheckOnLine":null,"F_AllowStartTime":null,"F_AllowEndTime":null,"F_LockStartDate":null,"F_LockEndDate":null,"F_FirstVisit":null,"F_PreviousVisit":"2016-07-01 13:43:35","F_LastVisit":"2016-07-01 15:14:58","F_LogOnCount":139,"F_SortCode":10000464,"F_DeleteMark":0,"F_EnabledMark":1,"F_Description":null,"F_CreateDate":"2015-11-03 15:17:14","F_CreateUserId":"0f36148c-719f-41e0-8c8c-16ffbc40d0e0","F_CreateUserName":"超级管理员","F_ModifyDate":"2016-05-24 17:54:50","F_ModifyUserId":"24a055d6-5924-44c5-be52-3715cdd68011","F_ModifyUserName":"陈彬彬"},{"F_UserId":"24a055d6-5924-44c5-be52-3715cdd68011","F_EnCode":"10103","F_Account":"chen","F_Password":"4680a46cf1d8a829a40f2523d487b7d0","F_Secretkey":"2add19bdf45b84ba","F_RealName":"陈彬彬","F_NickName":null,"F_HeadIcon":"/Resource/PhotoFile/24a055d6-5924-44c5-be52-3715cdd68011.jpg","F_QuickQuery":"ZGY","F_SimpleSpelling":"ZGY","F_Gender":1,"F_Birthday":"1989-06-15 00:00:00","F_Mobile":"18702193424","F_Telephone":"021-37812041","F_Email":"924720140@qq.com","F_OICQ":null,"F_WeChat":"ase123456789888","F_MSN":null,"F_ManagerId":"eab01522-f4fe-48ce-8db6-76fd7813cdf5","F_Manager":"刘晓雷","F_OrganizeId":"53298b7a-404c-4337-aa7f-80b2a4ca6681","F_DepartmentId":"8684502a-5dc2-487c-b589-48d2eb7734ca","F_RoleId":"b7a61699-947c-4100-a18d-ddf5eeb6c3dd","F_DutyId":"53be735f-2036-4eaf-a2d2-2e468429ea01","F_DutyName":"员工","F_PostId":"44b37afc-11f6-45a8-b3cc-2d37efa61ae8","F_PostName":"软件工程师","F_WorkGroupId":null,"F_SecurityLevel":null,"F_UserOnLine":1,"F_OpenId":null,"F_Question":null,"F_AnswerQuestion":null,"F_CheckOnLine":null,"F_AllowStartTime":null,"F_AllowEndTime":null,"F_LockStartDate":null,"F_LockEndDate":null,"F_FirstVisit":null,"F_PreviousVisit":"2016-07-01 11:39:37","F_LastVisit":"2016-07-07 16:01:37","F_LogOnCount":604,"F_SortCode":10000103,"F_DeleteMark":0,"F_EnabledMark":1,"F_Description":null,"F_CreateDate":"2015-11-03 15:17:14","F_CreateUserId":"System","F_CreateUserName":"超级管理员","F_ModifyDate":"2016-05-26 15:49:22","F_ModifyUserId":"24a055d6-5924-44c5-be52-3715cdd68011","F_ModifyUserName":"陈彬彬"},{"F_UserId":"f8361e93-3bc4-4bff-b8af-f6547ac0af9d","F_EnCode":"10102","F_Account":"10102","F_Password":"fb45bf944636e5e3331175450e03f346","F_Secretkey":"50adf76b24880f72","F_RealName":"王成莹","F_NickName":null,"F_HeadIcon":null,"F_QuickQuery":"WCY","F_SimpleSpelling":"WCY","F_Gender":0,"F_Birthday":"1967-04-14 00:00:00","F_Mobile":"13701415018 ","F_Telephone":"021-42408782","F_Email":null,"F_OICQ":"021-42408782","F_WeChat":null,"F_MSN":null,"F_ManagerId":null,"F_Manager":null,"F_OrganizeId":"53298b7a-404c-4337-aa7f-80b2a4ca6681","F_DepartmentId":"5a56013d-2327-4027-9010-365c6f423373","F_RoleId":null,"F_DutyId":null,"F_DutyName":null,"F_PostId":null,"F_PostName":null,"F_WorkGroupId":null,"F_SecurityLevel":null,"F_UserOnLine":1,"F_OpenId":null,"F_Question":null,"F_AnswerQuestion":null,"F_CheckOnLine":null,"F_AllowStartTime":null,"F_AllowEndTime":null,"F_LockStartDate":null,"F_LockEndDate":null,"F_FirstVisit":null,"F_PreviousVisit":"2016-03-18 21:09:01","F_LastVisit":"2016-03-18 21:12:03","F_LogOnCount":11,"F_SortCode":10000102,"F_DeleteMark":0,"F_EnabledMark":1,"F_Description":null,"F_CreateDate":"2015-11-03 15:17:13","F_CreateUserId":"System","F_CreateUserName":"超级管理员","F_ModifyDate":"2016-03-23 16:10:17","F_ModifyUserId":"0f36148c-719f-41e0-8c8c-16ffbc40d0e0","F_ModifyUserName":"虎哥"},{"F_UserId":"6e4fbcdb-a88f-456e-9f2d-36217103212c","F_EnCode":"10101","F_Account":"10101","F_Password":"445f3284bce35cbfcb9108493f3c3c04","F_Secretkey":"e7dfd71b8c0c59c3","F_RealName":"季宇嘉","F_NickName":null,"F_HeadIcon":null,"F_QuickQuery":"JYJ","F_SimpleSpelling":"JYJ","F_Gender":0,"F_Birthday":"1975-02-16 00:00:00","F_Mobile":"13681968933 ","F_Telephone":"021-41413728","F_Email":null,"F_OICQ":"021-41413728","F_WeChat":null,"F_MSN":null,"F_ManagerId":null,"F_Manager":null,"F_OrganizeId":"53298b7a-404c-4337-aa7f-80b2a4ca6681","F_DepartmentId":"a1057d3c-a232-489a-858f-a328e19e2a86","F_RoleId":null,"F_DutyId":null,"F_DutyName":null,"F_PostId":null,"F_PostName":null,"F_WorkGroupId":null,"F_SecurityLevel":null,"F_UserOnLine":null,"F_OpenId":null,"F_Question":null,"F_AnswerQuestion":null,"F_CheckOnLine":null,"F_AllowStartTime":null,"F_AllowEndTime":null,"F_LockStartDate":null,"F_LockEndDate":null,"F_FirstVisit":null,"F_PreviousVisit":null,"F_LastVisit":null,"F_LogOnCount":null,"F_SortCode":10000101,"F_DeleteMark":0,"F_EnabledMark":1,"F_Description":null,"F_CreateDate":"2015-11-03 15:17:13","F_CreateUserId":"System","F_CreateUserName":"超级管理员","F_ModifyDate":"2016-03-23 16:02:25","F_ModifyUserId":"0f36148c-719f-41e0-8c8c-16ffbc40d0e0","F_ModifyUserName":"虎哥"},{"F_UserId":"3125c4f5-3475-4f1f-a47e-c9cf557e50a7","F_EnCode":"10100","F_Account":"10100","F_Password":"56e31df56723116c074bcb681c3d2464","F_Secretkey":"5f8936d5474a4ca0","F_RealName":"胡菡","F_NickName":null,"F_HeadIcon":null,"F_QuickQuery":"HH","F_SimpleSpelling":"HH","F_Gender":0,"F_Birthday":"1967-10-25 00:00:00","F_Mobile":"13901255149 ","F_Telephone":"021-30418645","F_Email":null,"F_OICQ":"021-30418645","F_WeChat":null,"F_MSN":null,"F_ManagerId":null,"F_Manager":null,"F_OrganizeId":"53298b7a-404c-4337-aa7f-80b2a4ca6681","F_DepartmentId":"94588899-4f1c-42ed-9983-0a1af348db22","F_RoleId":null,"F_DutyId":null,"F_DutyName":null,"F_PostId":null,"F_PostName":null,"F_WorkGroupId":null,"F_SecurityLevel":null,"F_UserOnLine":null,"F_OpenId":null,"F_Question":null,"F_AnswerQuestion":null,"F_CheckOnLine":null,"F_AllowStartTime":null,"F_AllowEndTime":null,"F_LockStartDate":null,"F_LockEndDate":null,"F_FirstVisit":null,"F_PreviousVisit":null,"F_LastVisit":null,"F_LogOnCount":null,"F_SortCode":10000100,"F_DeleteMark":0,"F_EnabledMark":1,"F_Description":null,"F_CreateDate":"2015-11-03 15:17:13","F_CreateUserId":"System","F_CreateUserName":"超级管理员","F_ModifyDate":null,"F_ModifyUserId":null,"F_ModifyUserName":null},{"F_UserId":"48de0f0d-5273-41d3-9f6c-6aed9dfa87d7","F_EnCode":"10099","F_Account":"10099","F_Password":"e4c6f45fe12dc20e60661f41450d4b13","F_Secretkey":"0bde711978398bcc","F_RealName":"林有强","F_NickName":null,"F_HeadIcon":null,"F_QuickQuery":"LYQ,LYJ","F_SimpleSpelling":"LYQ,LYJ","F_Gender":1,"F_Birthday":"1986-05-25 00:00:00","F_Mobile":"15150437200 ","F_Telephone":"021-44005506","F_Email":null,"F_OICQ":"021-44005506","F_WeChat":null,"F_MSN":null,"F_ManagerId":null,"F_Manager":null,"F_OrganizeId":"53298b7a-404c-4337-aa7f-80b2a4ca6681","F_DepartmentId":"1e160d35-5b89-46b7-b7f6-3f1f97b3cc15","F_RoleId":null,"F_DutyId":null,"F_DutyName":null,"F_PostId":null,"F_PostName":null,"F_WorkGroupId":null,"F_SecurityLevel":null,"F_UserOnLine":null,"F_OpenId":null,"F_Question":null,"F_AnswerQuestion":null,"F_CheckOnLine":null,"F_AllowStartTime":null,"F_AllowEndTime":null,"F_LockStartDate":null,"F_LockEndDate":null,"F_FirstVisit":null,"F_PreviousVisit":null,"F_LastVisit":null,"F_LogOnCount":null,"F_SortCode":10000099,"F_DeleteMark":0,"F_EnabledMark":1,"F_Description":null,"F_CreateDate":"2015-11-03 15:17:13","F_CreateUserId":"System","F_CreateUserName":"超级管理员","F_ModifyDate":null,"F_ModifyUserId":null,"F_ModifyUserName":null},{"F_UserId":"4609219e-61e0-47ec-b6a1-97263ba8dc8e","F_EnCode":"10098","F_Account":"10098","F_Password":"3e3423d57ccfec6deb4a69d506e0ac79","F_Secretkey":"6dfab32f0a12ce3d","F_RealName":"沈嘉","F_NickName":null,"F_HeadIcon":null,"F_QuickQuery":"SJ,CJ","F_SimpleSpelling":"SJ,CJ","F_Gender":1,"F_Birthday":"1961-07-16 00:00:00","F_Mobile":"13811190763 ","F_Telephone":"021-43010422","F_Email":null,"F_OICQ":"021-43010422","F_WeChat":null,"F_MSN":null,"F_ManagerId":null,"F_Manager":null,"F_OrganizeId":"53298b7a-404c-4337-aa7f-80b2a4ca6681","F_DepartmentId":"94588899-4f1c-42ed-9983-0a1af348db22","F_RoleId":null,"F_DutyId":null,"F_DutyName":null,"F_PostId":null,"F_PostName":null,"F_WorkGroupId":null,"F_SecurityLevel":null,"F_UserOnLine":null,"F_OpenId":null,"F_Question":null,"F_AnswerQuestion":null,"F_CheckOnLine":null,"F_AllowStartTime":null,"F_AllowEndTime":null,"F_LockStartDate":null,"F_LockEndDate":null,"F_FirstVisit":null,"F_PreviousVisit":null,"F_LastVisit":null,"F_LogOnCount":null,"F_SortCode":10000098,"F_DeleteMark":0,"F_EnabledMark":1,"F_Description":null,"F_CreateDate":"2015-11-03 15:17:13","F_CreateUserId":"System","F_CreateUserName":"超级管理员","F_ModifyDate":null,"F_ModifyUserId":null,"F_ModifyUserName":null},{"F_UserId":"c0d80550-5e36-44cb-a446-cd6aa4f17901","F_EnCode":"10097","F_Account":"10097","F_Password":"971e1474922d09b2ec552734de1a8992","F_Secretkey":"bcf8fadcacc8cda8","F_RealName":"朱敏怡","F_NickName":null,"F_HeadIcon":null,"F_QuickQuery":"ZMY","F_SimpleSpelling":"ZMY","F_Gender":0,"F_Birthday":"1975-07-03 00:00:00","F_Mobile":"13913948787 ","F_Telephone":"021-42025448","F_Email":null,"F_OICQ":"021-42025448","F_WeChat":null,"F_MSN":null,"F_ManagerId":null,"F_Manager":null,"F_OrganizeId":"53298b7a-404c-4337-aa7f-80b2a4ca6681","F_DepartmentId":"8684502a-5dc2-487c-b589-48d2eb7734ca","F_RoleId":null,"F_DutyId":null,"F_DutyName":null,"F_PostId":null,"F_PostName":null,"F_WorkGroupId":null,"F_SecurityLevel":null,"F_UserOnLine":null,"F_OpenId":null,"F_Question":null,"F_AnswerQuestion":null,"F_CheckOnLine":null,"F_AllowStartTime":null,"F_AllowEndTime":null,"F_LockStartDate":null,"F_LockEndDate":null,"F_FirstVisit":null,"F_PreviousVisit":null,"F_LastVisit":null,"F_LogOnCount":null,"F_SortCode":10000097,"F_DeleteMark":0,"F_EnabledMark":1,"F_Description":null,"F_CreateDate":"2015-11-03 15:17:12","F_CreateUserId":"System","F_CreateUserName":"超级管理员","F_ModifyDate":null,"F_ModifyUserId":null,"F_ModifyUserName":null},{"F_UserId":"6e73abf5-0960-42d1-8ba1-63236d40e303","F_EnCode":"10096","F_Account":"10096","F_Password":"736323e4c8f022a72fe0531f7392903e","F_Secretkey":"575a4a6434036222","F_RealName":"陈玥铭","F_NickName":null,"F_HeadIcon":null,"F_QuickQuery":"CYM","F_SimpleSpelling":"CYM","F_Gender":0,"F_Birthday":"1967-05-25 00:00:00","F_Mobile":"15900903847 ","F_Telephone":"021-31020375","F_Email":null,"F_OICQ":"021-31020375","F_WeChat":null,"F_MSN":null,"F_ManagerId":null,"F_Manager":null,"F_OrganizeId":"53298b7a-404c-4337-aa7f-80b2a4ca6681","F_DepartmentId":"23ac3ac1-097f-4007-8bd2-20fea87fe377","F_RoleId":null,"F_DutyId":null,"F_DutyName":null,"F_PostId":null,"F_PostName":null,"F_WorkGroupId":null,"F_SecurityLevel":null,"F_UserOnLine":null,"F_OpenId":null,"F_Question":null,"F_AnswerQuestion":null,"F_CheckOnLine":null,"F_AllowStartTime":null,"F_AllowEndTime":null,"F_LockStartDate":null,"F_LockEndDate":null,"F_FirstVisit":null,"F_PreviousVisit":null,"F_LastVisit":null,"F_LogOnCount":null,"F_SortCode":10000096,"F_DeleteMark":0,"F_EnabledMark":1,"F_Description":null,"F_CreateDate":"2015-11-03 15:17:12","F_CreateUserId":"System","F_CreateUserName":"超级管理员","F_ModifyDate":null,"F_ModifyUserId":null,"F_ModifyUserName":null},{"F_UserId":"4285bef0-4d0c-417f-8a30-69d68a9af5dd","F_EnCode":"10095","F_Account":"10095","F_Password":"d084d008018db7a5968d7a567b373a5e","F_Secretkey":"db2ebe1d62237c28","F_RealName":"龙珠","F_NickName":null,"F_HeadIcon":null,"F_QuickQuery":"LZ","F_SimpleSpelling":"LZ","F_Gender":1,"F_Birthday":"1971-08-25 00:00:00","F_Mobile":"13916342217 ","F_Telephone":"021-73750246","F_Email":null,"F_OICQ":"021-73750246","F_WeChat":null,"F_MSN":null,"F_ManagerId":null,"F_Manager":null,"F_OrganizeId":"53298b7a-404c-4337-aa7f-80b2a4ca6681","F_DepartmentId":"8684502a-5dc2-487c-b589-48d2eb7734ca","F_RoleId":null,"F_DutyId":null,"F_DutyName":null,"F_PostId":null,"F_PostName":null,"F_WorkGroupId":null,"F_SecurityLevel":null,"F_UserOnLine":null,"F_OpenId":null,"F_Question":null,"F_AnswerQuestion":null,"F_CheckOnLine":null,"F_AllowStartTime":null,"F_AllowEndTime":null,"F_LockStartDate":null,"F_LockEndDate":null,"F_FirstVisit":null,"F_PreviousVisit":null,"F_LastVisit":null,"F_LogOnCount":null,"F_SortCode":10000095,"F_DeleteMark":0,"F_EnabledMark":1,"F_Description":null,"F_CreateDate":"2015-11-03 15:17:12","F_CreateUserId":"System","F_CreateUserName":"超级管理员","F_ModifyDate":null,"F_ModifyUserId":null,"F_ModifyUserName":null},{"F_UserId":"90e94e25-824b-40a0-8b6d-7ae07a68a4e3","F_EnCode":"10094","F_Account":"10094","F_Password":"574c12cbeaeda6328eb82c31f24a188a","F_Secretkey":"b2a0994c083fbbeb","F_RealName":"刘成晟","F_NickName":null,"F_HeadIcon":null,"F_QuickQuery":"LCS","F_SimpleSpelling":"LCS","F_Gender":1,"F_Birthday":"1965-07-22 00:00:00","F_Mobile":"13821004528 ","F_Telephone":"021-45522152","F_Email":null,"F_OICQ":"021-45522152","F_WeChat":null,"F_MSN":null,"F_ManagerId":null,"F_Manager":null,"F_OrganizeId":"53298b7a-404c-4337-aa7f-80b2a4ca6681","F_DepartmentId":"2f077ff9-5a6b-46b3-ae60-c5acdc9a48f1","F_RoleId":null,"F_DutyId":null,"F_DutyName":null,"F_PostId":null,"F_PostName":null,"F_WorkGroupId":null,"F_SecurityLevel":null,"F_UserOnLine":null,"F_OpenId":null,"F_Question":null,"F_AnswerQuestion":null,"F_CheckOnLine":null,"F_AllowStartTime":null,"F_AllowEndTime":null,"F_LockStartDate":null,"F_LockEndDate":null,"F_FirstVisit":null,"F_PreviousVisit":null,"F_LastVisit":null,"F_LogOnCount":null,"F_SortCode":10000094,"F_DeleteMark":0,"F_EnabledMark":1,"F_Description":null,"F_CreateDate":"2015-11-03 15:17:12","F_CreateUserId":"System","F_CreateUserName":"超级管理员","F_ModifyDate":null,"F_ModifyUserId":null,"F_ModifyUserName":null},{"F_UserId":"30e2e180-f3c2-4f05-bb58-b2461494181b","F_EnCode":"10093","F_Account":"10093","F_Password":"dad43e7eceb693cc41f9325cd6c48192","F_Secretkey":"ab739f0eef22a700","F_RealName":"郑结敏","F_NickName":null,"F_HeadIcon":null,"F_QuickQuery":"ZJM","F_SimpleSpelling":"ZJM","F_Gender":1,"F_Birthday":"1993-08-24 00:00:00","F_Mobile":"13683128120 ","F_Telephone":"021-34636178","F_Email":null,"F_OICQ":"021-34636178","F_WeChat":null,"F_MSN":null,"F_ManagerId":null,"F_Manager":null,"F_OrganizeId":"53298b7a-404c-4337-aa7f-80b2a4ca6681","F_DepartmentId":"bebcb255-5254-4250-88f4-06c5680c55f2","F_RoleId":null,"F_DutyId":null,"F_DutyName":null,"F_PostId":null,"F_PostName":null,"F_WorkGroupId":null,"F_SecurityLevel":null,"F_UserOnLine":null,"F_OpenId":null,"F_Question":null,"F_AnswerQuestion":null,"F_CheckOnLine":null,"F_AllowStartTime":null,"F_AllowEndTime":null,"F_LockStartDate":null,"F_LockEndDate":null,"F_FirstVisit":null,"F_PreviousVisit":null,"F_LastVisit":null,"F_LogOnCount":null,"F_SortCode":10000093,"F_DeleteMark":0,"F_EnabledMark":1,"F_Description":null,"F_CreateDate":"2015-11-03 15:17:12","F_CreateUserId":"System","F_CreateUserName":"超级管理员","F_ModifyDate":null,"F_ModifyUserId":null,"F_ModifyUserName":null},{"F_UserId":"82644462-f0d8-40cb-a963-bb890a7f6e55","F_EnCode":"10092","F_Account":"10092","F_Password":"cd5dfc62b4648b07fbc942d9628b1414","F_Secretkey":"b40d7f15227df6c5","F_RealName":"邓卉","F_NickName":null,"F_HeadIcon":null,"F_QuickQuery":"DH","F_SimpleSpelling":"DH","F_Gender":0,"F_Birthday":"1970-05-05 00:00:00","F_Mobile":"13917028898 ","F_Telephone":"021-85356840","F_Email":null,"F_OICQ":"021-85356840","F_WeChat":null,"F_MSN":null,"F_ManagerId":null,"F_Manager":null,"F_OrganizeId":"53298b7a-404c-4337-aa7f-80b2a4ca6681","F_DepartmentId":"4a4e0754-5440-4eac-a161-c03fd03c2e2f","F_RoleId":null,"F_DutyId":null,"F_DutyName":null,"F_PostId":null,"F_PostName":null,"F_WorkGroupId":null,"F_SecurityLevel":null,"F_UserOnLine":null,"F_OpenId":null,"F_Question":null,"F_AnswerQuestion":null,"F_CheckOnLine":null,"F_AllowStartTime":null,"F_AllowEndTime":null,"F_LockStartDate":null,"F_LockEndDate":null,"F_FirstVisit":null,"F_PreviousVisit":null,"F_LastVisit":null,"F_LogOnCount":null,"F_SortCode":10000092,"F_DeleteMark":0,"F_EnabledMark":1,"F_Description":null,"F_CreateDate":"2015-11-03 15:17:12","F_CreateUserId":"System","F_CreateUserName":"超级管理员","F_ModifyDate":null,"F_ModifyUserId":null,"F_ModifyUserName":null},{"F_UserId":"f2cdce5b-8f6f-428f-901f-33ddb69cd267","F_EnCode":"10091","F_Account":"10091","F_Password":"3b13a19e62f407858ec56cdc70ed4a5e","F_Secretkey":"8e528c516a2a092b","F_RealName":"张炯","F_NickName":null,"F_HeadIcon":null,"F_QuickQuery":"ZJ","F_SimpleSpelling":"ZJ","F_Gender":1,"F_Birthday":"1990-01-08 00:00:00","F_Mobile":"13693012897 ","F_Telephone":"021-74361866","F_Email":null,"F_OICQ":"021-74361866","F_WeChat":null,"F_MSN":null,"F_ManagerId":null,"F_Manager":null,"F_OrganizeId":"53298b7a-404c-4337-aa7f-80b2a4ca6681","F_DepartmentId":"23ac3ac1-097f-4007-8bd2-20fea87fe377","F_RoleId":null,"F_DutyId":null,"F_DutyName":null,"F_PostId":null,"F_PostName":null,"F_WorkGroupId":null,"F_SecurityLevel":null,"F_UserOnLine":null,"F_OpenId":null,"F_Question":null,"F_AnswerQuestion":null,"F_CheckOnLine":null,"F_AllowStartTime":null,"F_AllowEndTime":null,"F_LockStartDate":null,"F_LockEndDate":null,"F_FirstVisit":null,"F_PreviousVisit":null,"F_LastVisit":null,"F_LogOnCount":null,"F_SortCode":10000091,"F_DeleteMark":0,"F_EnabledMark":1,"F_Description":null,"F_CreateDate":"2015-11-03 15:17:12","F_CreateUserId":"System","F_CreateUserName":"超级管理员","F_ModifyDate":null,"F_ModifyUserId":null,"F_ModifyUserName":null},{"F_UserId":"dd594448-4643-47bf-a7c8-ca2db9c6090c","F_EnCode":"10090","F_Account":"10090","F_Password":"ad4fbe83eb991cdf62fa84b6e16c35ce","F_Secretkey":"20e9220ff8349289","F_RealName":"赵纯","F_NickName":null,"F_HeadIcon":null,"F_QuickQuery":"ZC","F_SimpleSpelling":"ZC","F_Gender":0,"F_Birthday":"1986-07-06 00:00:00","F_Mobile":"13075705577 ","F_Telephone":"021-73375703","F_Email":null,"F_OICQ":"021-73375703","F_WeChat":null,"F_MSN":null,"F_ManagerId":null,"F_Manager":null,"F_OrganizeId":"53298b7a-404c-4337-aa7f-80b2a4ca6681","F_DepartmentId":"921a0e6c-bbb6-44c7-8b7f-26dd4224a364","F_RoleId":null,"F_DutyId":null,"F_DutyName":null,"F_PostId":null,"F_PostName":null,"F_WorkGroupId":null,"F_SecurityLevel":null,"F_UserOnLine":null,"F_OpenId":null,"F_Question":null,"F_AnswerQuestion":null,"F_CheckOnLine":null,"F_AllowStartTime":null,"F_AllowEndTime":null,"F_LockStartDate":null,"F_LockEndDate":null,"F_FirstVisit":null,"F_PreviousVisit":null,"F_LastVisit":null,"F_LogOnCount":null,"F_SortCode":10000090,"F_DeleteMark":0,"F_EnabledMark":1,"F_Description":null,"F_CreateDate":"2015-11-03 15:17:12","F_CreateUserId":"System","F_CreateUserName":"超级管理员","F_ModifyDate":null,"F_ModifyUserId":null,"F_ModifyUserName":null},{"F_UserId":"6abdb3f4-79c5-48a3-b8e8-337faef5ba7b","F_EnCode":"10089","F_Account":"10089","F_Password":"e4cbfa19555285ac3282f4a33db5b93a","F_Secretkey":"a71a64f2fe73beb6","F_RealName":"杨晓东","F_NickName":null,"F_HeadIcon":null,"F_QuickQuery":"YXD","F_SimpleSpelling":"YXD","F_Gender":1,"F_Birthday":"1994-05-25 00:00:00","F_Mobile":"18920016009 ","F_Telephone":"021-62471728","F_Email":null,"F_OICQ":"021-62471728","F_WeChat":null,"F_MSN":null,"F_ManagerId":null,"F_Manager":null,"F_OrganizeId":"53298b7a-404c-4337-aa7f-80b2a4ca6681","F_DepartmentId":"946ead87-d5c0-4f74-847d-403d328a4f4e","F_RoleId":null,"F_DutyId":null,"F_DutyName":null,"F_PostId":null,"F_PostName":null,"F_WorkGroupId":null,"F_SecurityLevel":null,"F_UserOnLine":null,"F_OpenId":null,"F_Question":null,"F_AnswerQuestion":null,"F_CheckOnLine":null,"F_AllowStartTime":null,"F_AllowEndTime":null,"F_LockStartDate":null,"F_LockEndDate":null,"F_FirstVisit":null,"F_PreviousVisit":null,"F_LastVisit":null,"F_LogOnCount":null,"F_SortCode":10000089,"F_DeleteMark":0,"F_EnabledMark":1,"F_Description":null,"F_CreateDate":"2015-11-03 15:17:12","F_CreateUserId":"System","F_CreateUserName":"超级管理员","F_ModifyDate":null,"F_ModifyUserId":null,"F_ModifyUserName":null},{"F_UserId":"17e7f1d5-d039-4073-936d-0e6bba80d42f","F_EnCode":"10088","F_Account":"10088","F_Password":"3f3445de479aa6ef31158cb4d541fda9","F_Secretkey":"8125794a60c38789","F_RealName":"胡荣玲","F_NickName":null,"F_HeadIcon":null,"F_QuickQuery":"HRL","F_SimpleSpelling":"HRL","F_Gender":1,"F_Birthday":"1986-07-24 00:00:00","F_Mobile":"13611960486 ","F_Telephone":"021-61485645","F_Email":null,"F_OICQ":"021-61485645","F_WeChat":null,"F_MSN":null,"F_ManagerId":null,"F_Manager":null,"F_OrganizeId":"53298b7a-404c-4337-aa7f-80b2a4ca6681","F_DepartmentId":"16ce047b-a4b1-46b9-b29f-52d25efffcab","F_RoleId":null,"F_DutyId":null,"F_DutyName":null,"F_PostId":null,"F_PostName":null,"F_WorkGroupId":null,"F_SecurityLevel":null,"F_UserOnLine":null,"F_OpenId":null,"F_Question":null,"F_AnswerQuestion":null,"F_CheckOnLine":null,"F_AllowStartTime":null,"F_AllowEndTime":null,"F_LockStartDate":null,"F_LockEndDate":null,"F_FirstVisit":null,"F_PreviousVisit":null,"F_LastVisit":null,"F_LogOnCount":null,"F_SortCode":10000088,"F_DeleteMark":0,"F_EnabledMark":1,"F_Description":null,"F_CreateDate":"2015-11-03 15:17:12","F_CreateUserId":"System","F_CreateUserName":"超级管理员","F_ModifyDate":null,"F_ModifyUserId":null,"F_ModifyUserName":null},{"F_UserId":"9c7e78b3-b72b-4116-893a-fde352cb6c76","F_EnCode":"10087","F_Account":"10087","F_Password":"b056ac22e7363688f9f1aa5cd14cb9f0","F_Secretkey":"a1831085b32fa009","F_RealName":"黄桂坚","F_NickName":null,"F_HeadIcon":null,"F_QuickQuery":"HGJ","F_SimpleSpelling":"HGJ","F_Gender":0,"F_Birthday":"1993-08-19 00:00:00","F_Mobile":"18616211199 ","F_Telephone":"021-13125416","F_Email":null,"F_OICQ":"021-13125416","F_WeChat":null,"F_MSN":null,"F_ManagerId":null,"F_Manager":null,"F_OrganizeId":"53298b7a-404c-4337-aa7f-80b2a4ca6681","F_DepartmentId":"8df11cbf-922a-4090-b31a-b60882803132","F_RoleId":null,"F_DutyId":null,"F_DutyName":null,"F_PostId":null,"F_PostName":null,"F_WorkGroupId":null,"F_SecurityLevel":null,"F_UserOnLine":null,"F_OpenId":null,"F_Question":null,"F_AnswerQuestion":null,"F_CheckOnLine":null,"F_AllowStartTime":null,"F_AllowEndTime":null,"F_LockStartDate":null,"F_LockEndDate":null,"F_FirstVisit":null,"F_PreviousVisit":null,"F_LastVisit":null,"F_LogOnCount":null,"F_SortCode":10000087,"F_DeleteMark":0,"F_EnabledMark":1,"F_Description":null,"F_CreateDate":"2015-11-03 15:17:12","F_CreateUserId":"System","F_CreateUserName":"超级管理员","F_ModifyDate":null,"F_ModifyUserId":null,"F_ModifyUserName":null},{"F_UserId":"fd676451-7847-4b44-b602-da7918465b06","F_EnCode":"10086","F_Account":"10086","F_Password":"42643b92d8354793da9925c8d29e954a","F_Secretkey":"27c355ed629190c0","F_RealName":"王静","F_NickName":null,"F_HeadIcon":null,"F_QuickQuery":"WJ","F_SimpleSpelling":"WJ","F_Gender":0,"F_Birthday":"1971-06-18 00:00:00","F_Mobile":"18631788571 ","F_Telephone":"021-65087423","F_Email":null,"F_OICQ":"021-65087423","F_WeChat":null,"F_MSN":null,"F_ManagerId":null,"F_Manager":null,"F_OrganizeId":"53298b7a-404c-4337-aa7f-80b2a4ca6681","F_DepartmentId":"94588899-4f1c-42ed-9983-0a1af348db22","F_RoleId":null,"F_DutyId":null,"F_DutyName":null,"F_PostId":null,"F_PostName":null,"F_WorkGroupId":null,"F_SecurityLevel":null,"F_UserOnLine":null,"F_OpenId":null,"F_Question":null,"F_AnswerQuestion":null,"F_CheckOnLine":null,"F_AllowStartTime":null,"F_AllowEndTime":null,"F_LockStartDate":null,"F_LockEndDate":null,"F_FirstVisit":null,"F_PreviousVisit":null,"F_LastVisit":null,"F_LogOnCount":null,"F_SortCode":10000086,"F_DeleteMark":0,"F_EnabledMark":1,"F_Description":null,"F_CreateDate":"2015-11-03 15:17:12","F_CreateUserId":"System","F_CreateUserName":"超级管理员","F_ModifyDate":null,"F_ModifyUserId":null,"F_ModifyUserName":null},{"F_UserId":"15a1caa9-c4f3-47bd-b5c9-45e1e6b82eee","F_EnCode":"10085","F_Account":"10085","F_Password":"c39541b7b98cceb4bcae6893b344ca56","F_Secretkey":"5bf71a7ab840189c","F_RealName":"李涛","F_NickName":null,"F_HeadIcon":null,"F_QuickQuery":"LT","F_SimpleSpelling":"LT","F_Gender":0,"F_Birthday":"1989-02-25 00:00:00","F_Mobile":"18639551578 ","F_Telephone":"021-64082348","F_Email":null,"F_OICQ":"021-64082348","F_WeChat":null,"F_MSN":null,"F_ManagerId":null,"F_Manager":null,"F_OrganizeId":"53298b7a-404c-4337-aa7f-80b2a4ca6681","F_DepartmentId":"946ead87-d5c0-4f74-847d-403d328a4f4e","F_RoleId":null,"F_DutyId":null,"F_DutyName":null,"F_PostId":null,"F_PostName":null,"F_WorkGroupId":null,"F_SecurityLevel":null,"F_UserOnLine":null,"F_OpenId":null,"F_Question":null,"F_AnswerQuestion":null,"F_CheckOnLine":null,"F_AllowStartTime":null,"F_AllowEndTime":null,"F_LockStartDate":null,"F_LockEndDate":null,"F_FirstVisit":null,"F_PreviousVisit":null,"F_LastVisit":null,"F_LogOnCount":null,"F_SortCode":10000085,"F_DeleteMark":0,"F_EnabledMark":1,"F_Description":null,"F_CreateDate":"2015-11-03 15:17:12","F_CreateUserId":"System","F_CreateUserName":"超级管理员","F_ModifyDate":null,"F_ModifyUserId":null,"F_ModifyUserName":null},{"F_UserId":"41f1a701-da4e-4a22-86e3-2b9caecb6c48","F_EnCode":"10084","F_Account":"10084","F_Password":"a9968499f974deb4ca3b141b4a741823","F_Secretkey":"1ae4e17b7d7760cc","F_RealName":"邬育佳","F_NickName":null,"F_HeadIcon":null,"F_QuickQuery":"WYJ","F_SimpleSpelling":"WYJ","F_Gender":1,"F_Birthday":"1990-07-06 00:00:00","F_Mobile":"18062501799 ","F_Telephone":"021-78570200","F_Email":null,"F_OICQ":"021-78570200","F_WeChat":null,"F_MSN":null,"F_ManagerId":null,"F_Manager":null,"F_OrganizeId":"53298b7a-404c-4337-aa7f-80b2a4ca6681","F_DepartmentId":"5a56013d-2327-4027-9010-365c6f423373","F_RoleId":null,"F_DutyId":null,"F_DutyName":null,"F_PostId":null,"F_PostName":null,"F_WorkGroupId":null,"F_SecurityLevel":null,"F_UserOnLine":null,"F_OpenId":null,"F_Question":null,"F_AnswerQuestion":null,"F_CheckOnLine":null,"F_AllowStartTime":null,"F_AllowEndTime":null,"F_LockStartDate":null,"F_LockEndDate":null,"F_FirstVisit":null,"F_PreviousVisit":null,"F_LastVisit":null,"F_LogOnCount":null,"F_SortCode":10000084,"F_DeleteMark":0,"F_EnabledMark":1,"F_Description":null,"F_CreateDate":"2015-11-03 15:17:12","F_CreateUserId":"System","F_CreateUserName":"超级管理员","F_ModifyDate":null,"F_ModifyUserId":null,"F_ModifyUserName":null},{"F_UserId":"6e547aed-4aa1-47f9-9c94-071766caebdc","F_EnCode":"10083","F_Account":"10083","F_Password":"bacec1ca0fb3daf96dd9d86989d2076b","F_Secretkey":"5fd45752213d1aa2","F_RealName":"张菲菲","F_NickName":null,"F_HeadIcon":null,"F_QuickQuery":"ZFF","F_SimpleSpelling":"ZFF","F_Gender":0,"F_Birthday":"1971-09-15 00:00:00","F_Mobile":"13817919489 ","F_Telephone":"021-31342216","F_Email":null,"F_OICQ":"021-31342216","F_WeChat":null,"F_MSN":null,"F_ManagerId":null,"F_Manager":null,"F_OrganizeId":"53298b7a-404c-4337-aa7f-80b2a4ca6681","F_DepartmentId":"bebcb255-5254-4250-88f4-06c5680c55f2","F_RoleId":null,"F_DutyId":null,"F_DutyName":null,"F_PostId":null,"F_PostName":null,"F_WorkGroupId":null,"F_SecurityLevel":null,"F_UserOnLine":null,"F_OpenId":null,"F_Question":null,"F_AnswerQuestion":null,"F_CheckOnLine":null,"F_AllowStartTime":null,"F_AllowEndTime":null,"F_LockStartDate":null,"F_LockEndDate":null,"F_FirstVisit":null,"F_PreviousVisit":null,"F_LastVisit":null,"F_LogOnCount":null,"F_SortCode":10000083,"F_DeleteMark":0,"F_EnabledMark":1,"F_Description":null,"F_CreateDate":"2015-11-03 15:17:12","F_CreateUserId":"System","F_CreateUserName":"超级管理员","F_ModifyDate":null,"F_ModifyUserId":null,"F_ModifyUserName":null},{"F_UserId":"321d8348-42ca-4b97-a991-d86695b13068","F_EnCode":"10082","F_Account":"10082","F_Password":"bb81a2564bb8d32e09161101eb5ac5a3","F_Secretkey":"02d5e2817e031ee5","F_RealName":"唐彪","F_NickName":null,"F_HeadIcon":null,"F_QuickQuery":"TB","F_SimpleSpelling":"TB","F_Gender":0,"F_Birthday":"1973-11-19 00:00:00","F_Mobile":"13764251850 ","F_Telephone":"021-45838067","F_Email":null,"F_OICQ":"021-45838067","F_WeChat":null,"F_MSN":null,"F_ManagerId":null,"F_Manager":null,"F_OrganizeId":"53298b7a-404c-4337-aa7f-80b2a4ca6681","F_DepartmentId":"8684502a-5dc2-487c-b589-48d2eb7734ca","F_RoleId":null,"F_DutyId":null,"F_DutyName":null,"F_PostId":null,"F_PostName":null,"F_WorkGroupId":null,"F_SecurityLevel":null,"F_UserOnLine":1,"F_OpenId":null,"F_Question":null,"F_AnswerQuestion":null,"F_CheckOnLine":null,"F_AllowStartTime":null,"F_AllowEndTime":null,"F_LockStartDate":null,"F_LockEndDate":null,"F_FirstVisit":null,"F_PreviousVisit":null,"F_LastVisit":"2016-07-13 09:38:10","F_LogOnCount":1,"F_SortCode":10000082,"F_DeleteMark":0,"F_EnabledMark":1,"F_Description":null,"F_CreateDate":"2015-11-03 15:17:11","F_CreateUserId":"System","F_CreateUserName":"超级管理员","F_ModifyDate":null,"F_ModifyUserId":null,"F_ModifyUserName":null},{"F_UserId":"95c7ada9-2776-4bb3-838b-6f4d7c2e02a6","F_EnCode":"10081","F_Account":"10081","F_Password":"551858049ff1328f74ff8ebc40dd7350","F_Secretkey":"8621dbd96ac65705","F_RealName":"任建辉","F_NickName":null,"F_HeadIcon":null,"F_QuickQuery":"RJH","F_SimpleSpelling":"RJH","F_Gender":1,"F_Birthday":"1984-04-17 00:00:00","F_Mobile":"13586594557 ","F_Telephone":"021-44844083","F_Email":null,"F_OICQ":"021-44844083","F_WeChat":null,"F_MSN":null,"F_ManagerId":null,"F_Manager":null,"F_OrganizeId":"53298b7a-404c-4337-aa7f-80b2a4ca6681","F_DepartmentId":"6b546b72-e40e-4913-a140-f76ac1aba638","F_RoleId":null,"F_DutyId":null,"F_DutyName":null,"F_PostId":null,"F_PostName":null,"F_WorkGroupId":null,"F_SecurityLevel":null,"F_UserOnLine":null,"F_OpenId":null,"F_Question":null,"F_AnswerQuestion":null,"F_CheckOnLine":null,"F_AllowStartTime":null,"F_AllowEndTime":null,"F_LockStartDate":null,"F_LockEndDate":null,"F_FirstVisit":null,"F_PreviousVisit":null,"F_LastVisit":null,"F_LogOnCount":null,"F_SortCode":10000081,"F_DeleteMark":0,"F_EnabledMark":1,"F_Description":null,"F_CreateDate":"2015-11-03 15:17:11","F_CreateUserId":"System","F_CreateUserName":"超级管理员","F_ModifyDate":null,"F_ModifyUserId":null,"F_ModifyUserName":null},{"F_UserId":"f2daf882-7fc2-41a8-9fd6-d51288393101","F_EnCode":"10458","F_Account":"10458","F_Password":"58cfc21d576d2f028fef6e19643a1901","F_Secretkey":"8605de7e84c13d46","F_RealName":"马亭新","F_NickName":null,"F_HeadIcon":null,"F_QuickQuery":"MTX","F_SimpleSpelling":"MTX","F_Gender":1,"F_Birthday":"1975-06-17 00:00:00","F_Mobile":"13764386435 ","F_Telephone":"021-18570253","F_Email":null,"F_OICQ":"021-18570253","F_WeChat":null,"F_MSN":null,"F_ManagerId":null,"F_Manager":null,"F_OrganizeId":"53298b7a-404c-4337-aa7f-80b2a4ca6681","F_DepartmentId":"5a56013d-2327-4027-9010-365c6f423373","F_RoleId":null,"F_DutyId":null,"F_DutyName":null,"F_PostId":null,"F_PostName":null,"F_WorkGroupId":null,"F_SecurityLevel":null,"F_UserOnLine":null,"F_OpenId":null,"F_Question":null,"F_AnswerQuestion":null,"F_CheckOnLine":null,"F_AllowStartTime":null,"F_AllowEndTime":null,"F_LockStartDate":null,"F_LockEndDate":null,"F_FirstVisit":null,"F_PreviousVisit":null,"F_LastVisit":null,"F_LogOnCount":null,"F_SortCode":10000458,"F_DeleteMark":0,"F_EnabledMark":1,"F_Description":null,"F_CreateDate":"2015-11-03 15:17:07","F_CreateUserId":"System","F_CreateUserName":"超级管理员","F_ModifyDate":null,"F_ModifyUserId":null,"F_ModifyUserName":null},{"F_UserId":"16a60840-ac32-4d26-ad0b-4867dfd70bca","F_EnCode":"10453","F_Account":"10453","F_Password":"1ca798b5cd7f16441fefd68a86bd9b8a","F_Secretkey":"debe35226c4eb75d","F_RealName":"包蕾","F_NickName":null,"F_HeadIcon":null,"F_QuickQuery":"BL","F_SimpleSpelling":"BL","F_Gender":1,"F_Birthday":"1984-04-23 00:00:00","F_Mobile":"18939761587 ","F_Telephone":"021-52821644","F_Email":null,"F_OICQ":"021-52821644","F_WeChat":null,"F_MSN":null,"F_ManagerId":null,"F_Manager":null,"F_OrganizeId":"53298b7a-404c-4337-aa7f-80b2a4ca6681","F_DepartmentId":"a1057d3c-a232-489a-858f-a328e19e2a86","F_RoleId":null,"F_DutyId":null,"F_DutyName":null,"F_PostId":null,"F_PostName":null,"F_WorkGroupId":null,"F_SecurityLevel":null,"F_UserOnLine":null,"F_OpenId":null,"F_Question":null,"F_AnswerQuestion":null,"F_CheckOnLine":null,"F_AllowStartTime":null,"F_AllowEndTime":null,"F_LockStartDate":null,"F_LockEndDate":null,"F_FirstVisit":null,"F_PreviousVisit":null,"F_LastVisit":null,"F_LogOnCount":null,"F_SortCode":10000453,"F_DeleteMark":0,"F_EnabledMark":1,"F_Description":null,"F_CreateDate":"2015-11-03 15:17:07","F_CreateUserId":"System","F_CreateUserName":"超级管理员","F_ModifyDate":null,"F_ModifyUserId":null,"F_ModifyUserName":null},{"F_UserId":"e9140ee1-45c9-4e33-8bb3-c7ab0fdfe631","F_EnCode":"10447","F_Account":"10447","F_Password":"5bf5a3e3dc3a491f6a28d3fea61f5164","F_Secretkey":"db837a7455c1d6b0","F_RealName":"顾婷婷","F_NickName":null,"F_HeadIcon":null,"F_QuickQuery":"GTT","F_SimpleSpelling":"GTT","F_Gender":1,"F_Birthday":"1985-02-24 00:00:00","F_Mobile":"13607919306 ","F_Telephone":"021-52212313","F_Email":null,"F_OICQ":"021-52212313","F_WeChat":null,"F_MSN":null,"F_ManagerId":null,"F_Manager":null,"F_OrganizeId":"53298b7a-404c-4337-aa7f-80b2a4ca6681","F_DepartmentId":"a1057d3c-a232-489a-858f-a328e19e2a86","F_RoleId":null,"F_DutyId":null,"F_DutyName":null,"F_PostId":null,"F_PostName":null,"F_WorkGroupId":null,"F_SecurityLevel":null,"F_UserOnLine":null,"F_OpenId":null,"F_Question":null,"F_AnswerQuestion":null,"F_CheckOnLine":null,"F_AllowStartTime":null,"F_AllowEndTime":null,"F_LockStartDate":null,"F_LockEndDate":null,"F_FirstVisit":null,"F_PreviousVisit":null,"F_LastVisit":null,"F_LogOnCount":null,"F_SortCode":10000447,"F_DeleteMark":0,"F_EnabledMark":1,"F_Description":null,"F_CreateDate":"2015-11-03 15:17:06","F_CreateUserId":"System","F_CreateUserName":"超级管理员","F_ModifyDate":null,"F_ModifyUserId":null,"F_ModifyUserName":null}],"total":11,"page":1,"records":302,"costtime":"7"}